geo,country,year,gdp_meur
AL,Albania,1995,2243.5
AL,Albania,1996,2568.0
AL,Albania,1997,2026.6
AL,Albania,1998,2350.4
AL,Albania,1999,3096.4
AL,Albania,2000,3912.9
AL,Albania,2001,4588.3
AL,Albania,2002,4830.6
AL,Albania,2003,5137.5
AL,Albania,2004,6001.6
AL,Albania,2005,6679.5
AL,Albania,2006,7342.1
AL,Albania,2007,8190.4
AL,Albania,2008,9114.7
AL,Albania,2009,8915.2
AL,Albania,2010,9161.6
AL,Albania,2011,9391.0
AL,Albania,2012,9578.6
AL,Albania,2013,9669.8
AL,Albania,2014,10018.0
AL,Albania,2015,10371.5
AL,Albania,2016,10922.7
AL,Albania,2017,11760.0
AL,Albania,2018,13019.2
AL,Albania,2019,13881.7
AL,Albania,2020,13430.2
AL,Albania,2021,15272.1
AL,Albania,2022,18075.0
AL,Albania,2023,21738.8
AL,Albania,2024,24995.3
AL,Albania,2025,27075.3
AT,Austria,1995,183629.2
AT,Austria,1996,185944.9
AT,Austria,1997,186913.0
AT,Austria,1998,193947.0
AT,Austria,1999,203064.9
AT,Austria,2000,212406.8
AT,Austria,2001,219373.3
AT,Austria,2002,225087.9
AT,Austria,2003,230541.9
AT,Austria,2004,240541.7
AT,Austria,2005,252354.9
AT,Austria,2006,265933.7
AT,Austria,2007,282208.2
AT,Austria,2008,291846.2
AT,Austria,2009,286274.1
AT,Austria,2010,294050.6
AT,Austria,2011,308167.0
AT,Austria,2012,316589.4
AT,Austria,2013,321191.7
AT,Austria,2014,330113.5
AT,Austria,2015,342083.5
AT,Austria,2016,355665.6
AT,Austria,2017,367294.9
AT,Austria,2018,383234.3
AT,Austria,2019,395706.8
AT,Austria,2020,380317.9
AT,Austria,2021,406231.5
AT,Austria,2022,449382.2
AT,Austria,2023,477837.3
AT,Austria,2024,494087.6
AT,Austria,2025,514328.1
BA,BA,2000,6043.3
BA,BA,2001,6482.2
BA,BA,2002,7149.1
BA,BA,2003,7530.3
BA,BA,2004,8179.7
BA,BA,2005,9024.5
BA,BA,2006,10255.1
BA,BA,2007,11528.5
BA,BA,2008,13047.8
BA,BA,2009,12679.3
BA,BA,2010,12968.9
BA,BA,2011,13411.8
BA,BA,2012,13407.5
BA,BA,2013,13691.8
BA,BA,2014,13988.3
BA,BA,2015,14791.1
BA,BA,2016,15474.3
BA,BA,2017,16260.5
BA,BA,2018,17354.2
BA,BA,2019,18296.5
BA,BA,2020,17755.9
BA,BA,2021,20014.7
BA,BA,2022,23324.1
BA,BA,2023,25523.8
BA,BA,2024,27483.1
BA,BA,2025,28913.9
BE,Belgio,1995,220251.5
BE,Belgio,1996,219965.3
BE,Belgio,1997,223032.7
BE,Belgio,1998,231015.7
BE,Belgio,1999,242307.6
BE,Belgio,2000,256376.4
BE,Belgio,2001,264334.9
BE,Belgio,2002,273255.9
BE,Belgio,2003,281200.2
BE,Belgio,2004,296819.7
BE,Belgio,2005,310037.6
BE,Belgio,2006,325151.5
BE,Belgio,2007,343618.9
BE,Belgio,2008,351743.1
BE,Belgio,2009,347734.9
BE,Belgio,2010,363242.4
BE,Belgio,2011,378745.4
BE,Belgio,2012,387934.9
BE,Belgio,2013,394616.3
BE,Belgio,2014,404958.3
BE,Belgio,2015,415538.0
BE,Belgio,2016,428467.1
BE,Belgio,2017,443407.2
BE,Belgio,2018,459491.8
BE,Belgio,2019,479444.9
BE,Belgio,2020,463750.9
BE,Belgio,2021,506047.2
BE,Belgio,2022,561678.2
BE,Belgio,2023,601866.5
BE,Belgio,2024,619914.3
BE,Belgio,2025,642015.3
BG,Bulgaria,1995,14518.4
BG,Bulgaria,1996,9827.9
BG,Bulgaria,1997,10064.7
BG,Bulgaria,1998,13437.4
BG,Bulgaria,1999,12804.2
BG,Bulgaria,2000,14440.0
BG,Bulgaria,2001,15905.3
BG,Bulgaria,2002,17478.3
BG,Bulgaria,2003,18798.3
BG,Bulgaria,2004,21093.2
BG,Bulgaria,2005,24039.9
BG,Bulgaria,2006,27409.6
BG,Bulgaria,2007,32464.2
BG,Bulgaria,2008,37246.1
BG,Bulgaria,2009,37417.1
BG,Bulgaria,2010,38289.4
BG,Bulgaria,2011,41479.2
BG,Bulgaria,2012,42254.6
BG,Bulgaria,2013,42055.5
BG,Bulgaria,2014,43024.0
BG,Bulgaria,2015,45797.1
BG,Bulgaria,2016,48751.4
BG,Bulgaria,2017,52501.0
BG,Bulgaria,2018,55999.7
BG,Bulgaria,2019,61194.4
BG,Bulgaria,2020,61855.6
BG,Bulgaria,2021,71343.9
BG,Bulgaria,2022,86078.2
BG,Bulgaria,2023,94525.1
BG,Bulgaria,2024,104767.2
BG,Bulgaria,2025,116018.3
CH,Svizzera,1995,273995.8
CH,Svizzera,1996,272263.4
CH,Svizzera,1997,263836.7
CH,Svizzera,1998,274324.8
CH,Svizzera,1999,283403.8
CH,Svizzera,2000,306049.4
CH,Svizzera,2001,324180.2
CH,Svizzera,2002,333532.9
CH,Svizzera,2003,324514.6
CH,Svizzera,2004,329451.7
CH,Svizzera,2005,341407.5
CH,Svizzera,2006,357403.3
CH,Svizzera,2007,364638.8
CH,Svizzera,2008,392126.6
CH,Svizzera,2009,406170.8
CH,Svizzera,2010,460894.0
CH,Svizzera,2011,523943.1
CH,Svizzera,2012,542930.1
CH,Svizzera,2013,541150.6
CH,Svizzera,2014,559049.9
CH,Svizzera,2015,636419.8
CH,Svizzera,2016,631447.6
CH,Svizzera,2017,625926.6
CH,Svizzera,2018,627171.6
CH,Svizzera,2019,657857.6
CH,Svizzera,2020,663105.6
CH,Svizzera,2021,710646.0
CH,Svizzera,2022,815869.1
CH,Svizzera,2023,858396.6
CH,Svizzera,2024,896448.7
CH,Svizzera,2025,925874.8
CY,Cipro,1995,7596.0
CY,Cipro,1996,7890.1
CY,Cipro,1997,8414.3
CY,Cipro,1998,9152.6
CY,Cipro,1999,9839.7
CY,Cipro,2000,10804.6
CY,Cipro,2001,11602.9
CY,Cipro,2002,12083.0
CY,Cipro,2003,12871.3
CY,Cipro,2004,13938.0
CY,Cipro,2005,15039.3
CY,Cipro,2006,16263.8
CY,Cipro,2007,17591.0
CY,Cipro,2008,19009.5
CY,Cipro,2009,18675.5
CY,Cipro,2010,19461.1
CY,Cipro,2011,19858.1
CY,Cipro,2012,19495.4
CY,Cipro,2013,18040.3
CY,Cipro,2014,17482.8
CY,Cipro,2015,17944.2
CY,Cipro,2016,19013.8
CY,Cipro,2017,20312.4
CY,Cipro,2018,21807.8
CY,Cipro,2019,23400.9
CY,Cipro,2020,22373.6
CY,Cipro,2021,25679.9
CY,Cipro,2022,29645.4
CY,Cipro,2023,32439.2
CY,Cipro,2024,34770.2
CY,Cipro,2025,36483.5
CZ,Cechia,1995,46333.6
CZ,Cechia,1996,53416.0
CZ,Cechia,1997,55174.6
CZ,Cechia,1998,60164.9
CZ,Cechia,1999,61470.4
CZ,Cechia,2000,67409.2
CZ,Cechia,2001,76070.6
CZ,Cechia,2002,87795.9
CZ,Cechia,2003,88965.6
CZ,Cechia,2004,96822.8
CZ,Cechia,2005,110418.8
CZ,Cechia,2006,124559.0
CZ,Cechia,2007,138897.5
CZ,Cechia,2008,161852.2
CZ,Cechia,2009,149253.1
CZ,Cechia,2010,159506.1
CZ,Cechia,2011,166545.5
CZ,Cechia,2012,163759.4
CZ,Cechia,2013,160470.0
CZ,Cechia,2014,158991.5
CZ,Cechia,2015,170527.3
CZ,Cechia,2016,179145.9
CZ,Cechia,2017,196738.7
CZ,Cechia,2018,213505.4
CZ,Cechia,2019,229406.7
CZ,Cechia,2020,220310.6
CZ,Cechia,2021,246012.3
CZ,Cechia,2022,286976.8
CZ,Cechia,2023,319099.1
CZ,Cechia,2024,321231.1
CZ,Cechia,2025,347258.7
DE,Germania,1991,1517932.9
DE,Germania,1992,1655317.2
DE,Germania,1993,1774986.2
DE,Germania,1994,1867918.1
DE,Germania,1995,1983157.1
DE,Germania,1996,1975310.3
DE,Germania,1997,1958621.6
DE,Germania,1998,2008652.6
DE,Germania,1999,2077240.0
DE,Germania,2000,2129660.0
DE,Germania,2001,2195530.0
DE,Germania,2002,2223360.0
DE,Germania,2003,2240810.0
DE,Germania,2004,2293040.0
DE,Germania,2005,2325710.0
DE,Germania,2006,2426180.0
DE,Germania,2007,2542220.0
DE,Germania,2008,2589280.0
DE,Germania,2009,2493970.0
DE,Germania,2010,2615260.0
DE,Germania,2011,2747210.0
DE,Germania,2012,2800680.0
DE,Germania,2013,2869480.0
DE,Germania,2014,2988470.0
DE,Germania,2015,3094190.0
DE,Germania,2016,3204870.0
DE,Germania,2017,3345860.0
DE,Germania,2018,3450580.0
DE,Germania,2019,3557630.0
DE,Germania,2020,3477670.0
DE,Germania,2021,3713090.0
DE,Germania,2022,4010630.0
DE,Germania,2023,4254930.0
DE,Germania,2024,4386940.0
DE,Germania,2025,4529710.0
DK,Danimarca,1995,141320.3
DK,Danimarca,1996,147724.2
DK,Danimarca,1997,152890.7
DK,Danimarca,1998,158043.8
DK,Danimarca,1999,166899.4
DK,Danimarca,2000,177893.5
DK,Danimarca,2001,184146.3
DK,Danimarca,2002,189957.5
DK,Danimarca,2003,193641.7
DK,Danimarca,2004,202915.9
DK,Danimarca,2005,213381.8
DK,Danimarca,2006,225930.8
DK,Danimarca,2007,233960.3
DK,Danimarca,2008,242720.1
DK,Danimarca,2009,232270.0
DK,Danimarca,2010,243429.9
DK,Danimarca,2011,248105.0
DK,Danimarca,2012,254300.7
DK,Danimarca,2013,259530.9
DK,Danimarca,2014,265635.7
DK,Danimarca,2015,272193.0
DK,Danimarca,2016,282265.1
DK,Danimarca,2017,294355.0
DK,Danimarca,2018,301017.3
DK,Danimarca,2019,308546.2
DK,Danimarca,2020,312118.3
DK,Danimarca,2021,343318.6
DK,Danimarca,2022,380567.4
DK,Danimarca,2023,373287.5
DK,Danimarca,2024,400267.4
DK,Danimarca,2025,417844.1
EA,EA,1995,5586348.3
EA,EA,1996,5815135.3
EA,EA,1997,5941628.7
EA,EA,1998,6182179.2
EA,EA,1999,6470524.8
EA,EA,2000,6812746.5
EA,EA,2001,7275627.0
EA,EA,2002,7519107.0
EA,EA,2003,7735516.9
EA,EA,2004,8059722.5
EA,EA,2005,8348931.7
EA,EA,2006,8787953.3
EA,EA,2007,9289300.3
EA,EA,2008,9532562.7
EA,EA,2009,9275870.2
EA,EA,2010,9538991.9
EA,EA,2011,9825148.5
EA,EA,2012,9853169.3
EA,EA,2013,9958214.7
EA,EA,2014,10221444.5
EA,EA,2015,10623224.7
EA,EA,2016,10914400.8
EA,EA,2017,11330657.7
EA,EA,2018,11710378.1
EA,EA,2019,12104704.7
EA,EA,2020,11591006.8
EA,EA,2021,12591096.5
EA,EA,2022,13714670.7
EA,EA,2023,14702286.8
EA,EA,2024,15299554.9
EA,EA,2025,15852835.5
EA12,EA12,1995,5689554.7
EA12,EA12,1996,5927397.6
EA12,EA12,1997,6064106.4
EA12,EA12,1998,6306933.6
EA12,EA12,1999,6605113.6
EA12,EA12,2000,6950574.1
EA12,EA12,2001,7275627.0
EA12,EA12,2002,7519107.0
EA12,EA12,2003,7735516.9
EA12,EA12,2004,8059722.5
EA12,EA12,2005,8348931.7
EA12,EA12,2006,8787953.3
EA12,EA12,2007,9254363.4
EA12,EA12,2008,9469574.6
EA12,EA12,2009,9151021.6
EA12,EA12,2010,9407891.3
EA12,EA12,2011,9673104.0
EA12,EA12,2012,9698446.7
EA12,EA12,2013,9802197.8
EA12,EA12,2014,10038024.0
EA12,EA12,2015,10393993.1
EA12,EA12,2016,10677380.1
EA12,EA12,2017,11077615.9
EA12,EA12,2018,11438614.2
EA12,EA12,2019,11816727.4
EA12,EA12,2020,11305863.3
EA12,EA12,2021,12274343.4
EA12,EA12,2022,13360523.3
EA12,EA12,2023,14230050.1
EA12,EA12,2024,14798583.3
EA12,EA12,2025,15321628.8
EA19,EA19,1995,5744018.5
EA19,EA19,1996,5987410.0
EA19,EA19,1997,6132692.5
EA19,EA19,1998,6381157.6
EA19,EA19,1999,6682072.0
EA19,EA19,2000,7036943.9
EA19,EA19,2001,7368518.4
EA19,EA19,2002,7619737.5
EA19,EA19,2003,7844564.2
EA19,EA19,2004,8180005.6
EA19,EA19,2005,8482817.1
EA19,EA19,2006,8940509.9
EA19,EA19,2007,9436052.9
EA19,EA19,2008,9671285.5
EA19,EA19,2009,9335382.8
EA19,EA19,2010,9598969.4
EA19,EA19,2011,9875237.6
EA19,EA19,2012,9907680.6
EA19,EA19,2013,10015085.8
EA19,EA19,2014,10257854.7
EA19,EA19,2015,10623224.7
EA19,EA19,2016,10914400.8
EA19,EA19,2017,11330657.7
EA19,EA19,2018,11710378.1
EA19,EA19,2019,12104704.7
EA19,EA19,2020,11591006.8
EA19,EA19,2021,12591096.5
EA19,EA19,2022,13714670.7
EA19,EA19,2023,14623100.4
EA19,EA19,2024,15213649.7
EA19,EA19,2025,15759860.3
EA20,Area euro,1995,5761538.6
EA20,Area euro,1996,6006586.8
EA20,Area euro,1997,6153972.8
EA20,Area euro,1998,6404093.7
EA20,Area euro,1999,6704260.9
EA20,Area euro,2000,7060575.2
EA20,Area euro,2001,7394454.9
EA20,Area euro,2002,7648498.4
EA20,Area euro,2003,7875580.5
EA20,Area euro,2004,8213808.3
EA20,Area euro,2005,8519652.0
EA20,Area euro,2006,8981131.0
EA20,Area euro,2007,9480475.9
EA20,Area euro,2008,9719842.0
EA20,Area euro,2009,9381244.1
EA20,Area euro,2010,9644953.1
EA20,Area euro,2011,9920996.5
EA20,Area euro,2012,9952548.3
EA20,Area euro,2013,10059885.1
EA20,Area euro,2014,10302135.4
EA20,Area euro,2015,10668712.3
EA20,Area euro,2016,10961974.3
EA20,Area euro,2017,11380862.0
EA20,Area euro,2018,11763413.5
EA20,Area euro,2019,12160472.5
EA20,Area euro,2020,11641724.6
EA20,Area euro,2021,12649486.8
EA20,Area euro,2022,13782280.2
EA20,Area euro,2023,14702286.8
EA20,Area euro,2024,15299554.9
EA20,Area euro,2025,15852835.5
EA21,EA21,1995,5776057.0
EA21,EA21,1996,6016414.7
EA21,EA21,1997,6164037.6
EA21,EA21,1998,6417531.2
EA21,EA21,1999,6717065.2
EA21,EA21,2000,7075015.3
EA21,EA21,2001,7410360.2
EA21,EA21,2002,7665976.7
EA21,EA21,2003,7894378.8
EA21,EA21,2004,8234901.5
EA21,EA21,2005,8543691.9
EA21,EA21,2006,9008540.5
EA21,EA21,2007,9512940.1
EA21,EA21,2008,9757088.1
EA21,EA21,2009,9418661.2
EA21,EA21,2010,9683242.5
EA21,EA21,2011,9962475.7
EA21,EA21,2012,9994802.9
EA21,EA21,2013,10101940.6
EA21,EA21,2014,10345159.5
EA21,EA21,2015,10714509.4
EA21,EA21,2016,11010725.7
EA21,EA21,2017,11433362.9
EA21,EA21,2018,11819413.2
EA21,EA21,2019,12221666.9
EA21,EA21,2020,11703580.1
EA21,EA21,2021,12720830.8
EA21,EA21,2022,13868358.4
EA21,EA21,2023,14796811.9
EA21,EA21,2024,15404322.2
EA21,EA21,2025,15968853.7
EE,Estonia,1995,2988.1
EE,Estonia,1996,3770.0
EE,Estonia,1997,4553.7
EE,Estonia,1998,5067.5
EE,Estonia,1999,5406.9
EE,Estonia,2000,6171.6
EE,Estonia,2001,6982.1
EE,Estonia,2002,7824.9
EE,Estonia,2003,8746.7
EE,Estonia,2004,9779.6
EE,Estonia,2005,11345.4
EE,Estonia,2006,13571.2
EE,Estonia,2007,16402.2
EE,Estonia,2008,16618.9
EE,Estonia,2009,14132.5
EE,Estonia,2010,14741.8
EE,Estonia,2011,16741.9
EE,Estonia,2012,18086.6
EE,Estonia,2013,19163.2
EE,Estonia,2014,20365.6
EE,Estonia,2015,21010.9
EE,Estonia,2016,22189.0
EE,Estonia,2017,24316.1
EE,Estonia,2018,26438.5
EE,Estonia,2019,28472.1
EE,Estonia,2020,27859.3
EE,Estonia,2021,31453.3
EE,Estonia,2022,36442.8
EE,Estonia,2023,38157.9
EE,Estonia,2024,39883.0
EE,Estonia,2025,41874.8
EL,Grecia,1995,103206.4
EL,Grecia,1996,112262.3
EL,Grecia,1997,122477.8
EL,Grecia,1998,124754.4
EL,Grecia,1999,134588.8
EL,Grecia,2000,137827.6
EL,Grecia,2001,147438.7
EL,Grecia,2002,158902.3
EL,Grecia,2003,174096.0
EL,Grecia,2004,188905.2
EL,Grecia,2005,194773.4
EL,Grecia,2006,214298.9
EL,Grecia,2007,229282.8
EL,Grecia,2008,238735.4
EL,Grecia,2009,234322.6
EL,Grecia,2010,223590.5
EL,Grecia,2011,203475.0
EL,Grecia,2012,185899.2
EL,Grecia,2013,178113.9
EL,Grecia,2014,176071.8
EL,Grecia,2015,175362.9
EL,Grecia,2016,174448.2
EL,Grecia,2017,177378.5
EL,Grecia,2018,180615.7
EL,Grecia,2019,185181.2
EL,Grecia,2020,167539.5
EL,Grecia,2021,184574.6
EL,Grecia,2022,207008.7
EL,Grecia,2023,224686.2
EL,Grecia,2024,236736.0
EL,Grecia,2025,248353.7
ES,Spagna,1995,469819.9
ES,Spagna,1996,506096.6
ES,Spagna,1997,520533.1
ES,Spagna,1998,552906.5
ES,Spagna,1999,595242.0
ES,Spagna,2000,647569.0
ES,Spagna,2001,700958.0
ES,Spagna,2002,749744.0
ES,Spagna,2003,802683.0
ES,Spagna,2004,860059.0
ES,Spagna,2005,928122.0
ES,Spagna,2006,1004976.0
ES,Spagna,2007,1077541.0
ES,Spagna,2008,1112432.0
ES,Spagna,2009,1072990.0
ES,Spagna,2010,1077145.0
ES,Spagna,2011,1068690.0
ES,Spagna,2012,1035964.0
ES,Spagna,2013,1025652.0
ES,Spagna,2014,1038949.0
ES,Spagna,2015,1087112.0
ES,Spagna,2016,1122967.0
ES,Spagna,2017,1170024.0
ES,Spagna,2018,1212276.0
ES,Spagna,2019,1253710.0
ES,Spagna,2020,1129214.0
ES,Spagna,2021,1235474.0
ES,Spagna,2022,1375863.0
ES,Spagna,2023,1497761.0
ES,Spagna,2024,1594330.0
ES,Spagna,2025,1687152.0
EU27_2020,UE27,1995,6341270.6
EU27_2020,UE27,1996,6640109.1
EU27_2020,UE27,1997,6823243.4
EU27_2020,UE27,1998,7113359.7
EU27_2020,UE27,1999,7442817.7
EU27_2020,UE27,2000,7884970.7
EU27_2020,UE27,2001,8260284.9
EU27_2020,UE27,2002,8559614.0
EU27_2020,UE27,2003,8792709.3
EU27_2020,UE27,2004,9195625.7
EU27_2020,UE27,2005,9599967.9
EU27_2020,UE27,2006,10160664.6
EU27_2020,UE27,2007,10788219.2
EU27_2020,UE27,2008,11136711.4
EU27_2020,UE27,2009,10650731.2
EU27_2020,UE27,2010,11047318.9
EU27_2020,UE27,2011,11407469.8
EU27_2020,UE27,2012,11467712.1
EU27_2020,UE27,2013,11597070.7
EU27_2020,UE27,2014,11871005.1
EU27_2020,UE27,2015,12315195.7
EU27_2020,UE27,2016,12647804.8
EU27_2020,UE27,2017,13181987.8
EU27_2020,UE27,2018,13645000.7
EU27_2020,UE27,2019,14142960.8
EU27_2020,UE27,2020,13604737.6
EU27_2020,UE27,2021,14823075.0
EU27_2020,UE27,2022,16194128.9
EU27_2020,UE27,2023,17294868.6
EU27_2020,UE27,2024,18101412.0
EU27_2020,UE27,2025,18856104.9
FI,Finlandia,1980,38693.8
FI,Finlandia,1981,47215.0
FI,Finlandia,1982,54051.0
FI,Finlandia,1983,57359.4
FI,Finlandia,1984,67262.1
FI,Finlandia,1985,73748.1
FI,Finlandia,1986,74834.1
FI,Finlandia,1987,79462.3
FI,Finlandia,1988,92259.3
FI,Finlandia,1989,108108.0
FI,Finlandia,1990,111401.0
FI,Finlandia,1991,103308.7
FI,Finlandia,1992,86811.0
FI,Finlandia,1993,76014.5
FI,Finlandia,1994,87058.1
FI,Finlandia,1995,102544.7
FI,Finlandia,1996,104034.1
FI,Finlandia,1997,111990.0
FI,Finlandia,1998,119690.6
FI,Finlandia,1999,126888.0
FI,Finlandia,2000,136386.0
FI,Finlandia,2001,144613.0
FI,Finlandia,2002,148440.0
FI,Finlandia,2003,151714.0
FI,Finlandia,2004,158741.0
FI,Finlandia,2005,164666.0
FI,Finlandia,2006,172861.0
FI,Finlandia,2007,187059.0
FI,Finlandia,2008,194253.0
FI,Finlandia,2009,181735.0
FI,Finlandia,2010,188147.0
FI,Finlandia,2011,197655.0
FI,Finlandia,2012,200378.0
FI,Finlandia,2013,203497.0
FI,Finlandia,2014,205855.0
FI,Finlandia,2015,210192.0
FI,Finlandia,2016,215717.0
FI,Finlandia,2017,224706.0
FI,Finlandia,2018,231905.0
FI,Finlandia,2019,238518.0
FI,Finlandia,2020,236387.0
FI,Finlandia,2021,248764.0
FI,Finlandia,2022,266135.0
FI,Finlandia,2023,273005.0
FI,Finlandia,2024,276151.0
FI,Finlandia,2025,281674.0
FR,Francia,1975,288049.5
FR,Francia,1976,331012.5
FR,Francia,1977,355596.4
FR,Francia,1978,394484.3
FR,Francia,1979,443872.1
FR,Francia,1980,500064.0
FR,Francia,1981,548132.2
FR,Francia,1982,590815.4
FR,Francia,1983,622888.3
FR,Francia,1984,667733.0
FR,Francia,1985,723609.3
FR,Francia,1986,779175.7
FR,Francia,1987,803521.4
FR,Francia,1988,855722.8
FR,Francia,1989,923514.9
FR,Francia,1990,990441.3
FR,Francia,1991,1018584.6
FR,Francia,1992,1074162.7
FR,Francia,1993,1122160.5
FR,Francia,1994,1168854.1
FR,Francia,1995,1220222.9
FR,Francia,1996,1259758.8
FR,Francia,1997,1279326.6
FR,Francia,1998,1337784.3
FR,Francia,1999,1395148.0
FR,Francia,2000,1473517.3
FR,Francia,2001,1530070.9
FR,Francia,2002,1578330.4
FR,Francia,2003,1622312.8
FR,Francia,2004,1696107.7
FR,Francia,2005,1762047.7
FR,Francia,2006,1846020.8
FR,Francia,2007,1937876.3
FR,Francia,2008,1989999.7
FR,Francia,2009,1935840.2
FR,Francia,2010,1996075.1
FR,Francia,2011,2062141.4
FR,Francia,2012,2088286.7
FR,Francia,2013,2120351.9
FR,Francia,2014,2153733.1
FR,Francia,2015,2201401.6
FR,Francia,2016,2231819.2
FR,Francia,2017,2291680.5
FR,Francia,2018,2355362.8
FR,Francia,2019,2432206.8
FR,Francia,2020,2318276.2
FR,Francia,2021,2508102.3
FR,Francia,2022,2653997.2
FR,Francia,2023,2833826.4
FR,Francia,2024,2935236.2
FR,Francia,2025,2991055.9
HR,Croazia,1995,17520.1
HR,Croazia,1996,19176.8
HR,Croazia,1997,21280.4
HR,Croazia,1998,22936.1
HR,Croazia,1999,22188.9
HR,Croazia,2000,23631.3
HR,Croazia,2001,25936.5
HR,Croazia,2002,28760.9
HR,Croazia,2003,31016.3
HR,Croazia,2004,33802.7
HR,Croazia,2005,36834.9
HR,Croazia,2006,40621.0
HR,Croazia,2007,44423.0
HR,Croazia,2008,48556.5
HR,Croazia,2009,45861.3
HR,Croazia,2010,45983.8
HR,Croazia,2011,45758.9
HR,Croazia,2012,44867.7
HR,Croazia,2013,44799.3
HR,Croazia,2014,44280.7
HR,Croazia,2015,45487.5
HR,Croazia,2016,47573.5
HR,Croazia,2017,50204.3
HR,Croazia,2018,53035.3
HR,Croazia,2019,55767.8
HR,Croazia,2020,50717.8
HR,Croazia,2021,58390.4
HR,Croazia,2022,67609.4
HR,Croazia,2023,79186.3
HR,Croazia,2024,85905.2
HR,Croazia,2025,92975.1
HU,Ungheria,1995,35585.4
HU,Ungheria,1996,36896.3
HU,Ungheria,1997,41831.0
HU,Ungheria,1998,43477.8
HU,Ungheria,1999,46121.5
HU,Ungheria,2000,51300.9
HU,Ungheria,2001,60068.8
HU,Ungheria,2002,71785.3
HU,Ungheria,2003,75344.2
HU,Ungheria,2004,83798.3
HU,Ungheria,2005,90999.5
HU,Ungheria,2006,92038.0
HU,Ungheria,2007,102368.2
HU,Ungheria,2008,108278.8
HU,Ungheria,2009,94416.6
HU,Ungheria,2010,99562.8
HU,Ungheria,2011,101986.9
HU,Ungheria,2012,99979.9
HU,Ungheria,2013,102210.9
HU,Ungheria,2014,106335.3
HU,Ungheria,2015,112854.0
HU,Ungheria,2016,116593.5
HU,Ungheria,2017,127222.5
HU,Ungheria,2018,136580.0
HU,Ungheria,2019,147373.2
HU,Ungheria,2020,138954.5
HU,Ungheria,2021,154971.7
HU,Ungheria,2022,168546.2
HU,Ungheria,2023,196983.7
HU,Ungheria,2024,206156.2
HU,Ungheria,2025,218833.9
IE,Irlanda,1995,52881.3
IE,Irlanda,1996,59701.5
IE,Irlanda,1997,73118.8
IE,Irlanda,1998,80565.7
IE,Irlanda,1999,92790.5
IE,Irlanda,2000,108495.3
IE,Irlanda,2001,122089.2
IE,Irlanda,2002,135997.9
IE,Irlanda,2003,145576.9
IE,Irlanda,2004,156141.2
IE,Irlanda,2005,170191.2
IE,Irlanda,2006,184787.7
IE,Irlanda,2007,196942.4
IE,Irlanda,2008,187155.1
IE,Irlanda,2009,169407.8
IE,Irlanda,2010,167151.0
IE,Irlanda,2011,173003.5
IE,Irlanda,2012,176519.0
IE,Irlanda,2013,182697.2
IE,Irlanda,2014,200397.6
IE,Irlanda,2015,272125.4
IE,Irlanda,2016,275805.5
IE,Irlanda,2017,308232.9
IE,Irlanda,2018,334940.2
IE,Irlanda,2019,363591.0
IE,Irlanda,2020,380700.9
IE,Irlanda,2021,448469.2
IE,Irlanda,2022,523248.2
IE,Irlanda,2023,520792.2
IE,Irlanda,2024,561940.5
IE,Irlanda,2025,602440.9
IS,Islanda,1995,5631.7
IS,Islanda,1996,6037.8
IS,Islanda,1997,6802.0
IS,Islanda,1998,7690.3
IS,Islanda,1999,8535.9
IS,Islanda,2000,9900.3
IS,Islanda,2001,9276.0
IS,Islanda,2002,10015.1
IS,Islanda,2003,10237.9
IS,Islanda,2004,11248.0
IS,Islanda,2005,13804.3
IS,Islanda,2006,14131.7
IS,Islanda,2007,16052.2
IS,Islanda,2008,11158.1
IS,Islanda,2009,9460.7
IS,Islanda,2010,10512.9
IS,Islanda,2011,11058.1
IS,Islanda,2012,11629.5
IS,Islanda,2013,12222.7
IS,Islanda,2014,13611.7
IS,Islanda,2015,15960.5
IS,Islanda,2016,19067.0
IS,Islanda,2017,22211.8
IS,Islanda,2018,22591.2
IS,Islanda,2019,22315.1
IS,Islanda,2020,19302.5
IS,Islanda,2021,22188.1
IS,Islanda,2022,27748.6
IS,Islanda,2023,29323.9
IS,Islanda,2024,30663.5
IS,Islanda,2025,34256.9
IT,Italia,1995,900369.7
IT,Italia,1996,1035610.7
IT,Italia,1997,1099046.2
IT,Italia,1998,1136926.5
IT,Italia,1999,1177549.7
IT,Italia,2000,1244744.2
IT,Italia,2001,1308623.1
IT,Italia,2002,1355522.3
IT,Italia,2003,1399386.0
IT,Italia,2004,1457356.2
IT,Italia,2005,1499073.1
IT,Italia,2006,1559864.2
IT,Italia,2007,1621714.5
IT,Italia,2008,1643718.8
IT,Italia,2009,1584106.8
IT,Italia,2010,1617944.7
IT,Italia,2011,1657362.2
IT,Italia,2012,1632898.5
IT,Italia,2013,1621260.7
IT,Italia,2014,1635870.7
IT,Italia,2015,1663277.7
IT,Italia,2016,1704856.7
IT,Italia,2017,1744493.0
IT,Italia,2018,1777744.4
IT,Italia,2019,1804066.8
IT,Italia,2020,1670011.9
IT,Italia,2021,1842507.4
IT,Italia,2022,1998072.6
IT,Italia,2023,2142744.4
IT,Italia,2024,2202031.2
IT,Italia,2025,2258048.7
LI,LI,2013,4812.4
LI,LI,2014,5021.7
LI,LI,2015,5649.1
LI,LI,2016,5637.7
LI,LI,2017,5734.6
LI,LI,2018,5666.3
LI,LI,2019,5750.1
LI,LI,2020,5618.0
LI,LI,2021,6688.5
LI,LI,2022,7058.2
LI,LI,2023,7617.8
LI,LI,2024,8231.2
LT,Lituania,1995,5156.9
LT,Lituania,1996,6639.4
LT,Lituania,1997,8966.6
LT,Lituania,1998,10070.0
LT,Lituania,1999,10339.7
LT,Lituania,2000,12503.7
LT,Lituania,2001,13690.7
LT,Lituania,2002,15177.2
LT,Lituania,2003,16674.6
LT,Lituania,2004,18312.5
LT,Lituania,2005,20986.0
LT,Lituania,2006,23999.6
LT,Lituania,2007,29034.1
LT,Lituania,2008,32683.1
LT,Lituania,2009,26973.5
LT,Lituania,2010,27663.4
LT,Lituania,2011,31066.4
LT,Lituania,2012,33240.4
LT,Lituania,2013,34874.0
LT,Lituania,2014,36410.1
LT,Lituania,2015,37440.7
LT,Lituania,2016,38820.7
LT,Lituania,2017,42274.6
LT,Lituania,2018,45947.4
LT,Lituania,2019,49239.2
LT,Lituania,2020,50264.6
LT,Lituania,2021,56709.1
LT,Lituania,2022,67081.1
LT,Lituania,2023,74317.0
LT,Lituania,2024,78996.2
LT,Lituania,2025,84258.0
LU,Lussemburgo,1995,15946.2
LU,Lussemburgo,1996,16462.1
LU,Lussemburgo,1997,17266.5
LU,Lussemburgo,1998,18005.7
LU,Lussemburgo,1999,20547.8
LU,Lussemburgo,2000,22986.0
LU,Lussemburgo,2001,23879.9
LU,Lussemburgo,2002,25011.1
LU,Lussemburgo,2003,26227.3
LU,Lussemburgo,2004,28189.4
LU,Lussemburgo,2005,30281.0
LU,Lussemburgo,2006,34175.1
LU,Lussemburgo,2007,37641.9
LU,Lussemburgo,2008,40009.6
LU,Lussemburgo,2009,39050.7
LU,Lussemburgo,2010,42402.7
LU,Lussemburgo,2011,44323.5
LU,Lussemburgo,2012,46526.2
LU,Lussemburgo,2013,49094.5
LU,Lussemburgo,2014,51791.3
LU,Lussemburgo,2015,54142.3
LU,Lussemburgo,2016,56208.1
LU,Lussemburgo,2017,58168.8
LU,Lussemburgo,2018,60193.4
LU,Lussemburgo,2019,62415.0
LU,Lussemburgo,2020,64499.2
LU,Lussemburgo,2021,73039.5
LU,Lussemburgo,2022,76731.2
LU,Lussemburgo,2023,82115.5
LU,Lussemburgo,2024,86180.3
LU,Lussemburgo,2025,89521.5
LV,Lettonia,1995,4008.1
LV,Lettonia,1996,4565.2
LV,Lettonia,1997,5593.9
LV,Lettonia,1998,6230.7
LV,Lettonia,1999,6850.7
LV,Lettonia,2000,8418.0
LV,Lettonia,2001,9182.2
LV,Lettonia,2002,9841.0
LV,Lettonia,2003,10029.0
LV,Lettonia,2004,11229.7
LV,Lettonia,2005,13226.9
LV,Lettonia,2006,16449.4
LV,Lettonia,2007,21592.4
LV,Lettonia,2008,23355.3
LV,Lettonia,2009,18406.6
LV,Lettonia,2010,17572.2
LV,Lettonia,2011,19022.6
LV,Lettonia,2012,21270.9
LV,Lettonia,2013,21997.0
LV,Lettonia,2014,22790.5
LV,Lettonia,2015,23744.3
LV,Lettonia,2016,24498.2
LV,Lettonia,2017,26017.1
LV,Lettonia,2018,28153.4
LV,Lettonia,2019,29567.0
LV,Lettonia,2020,29224.3
LV,Lettonia,2021,32283.8
LV,Lettonia,2022,36088.7
LV,Lettonia,2023,39564.2
LV,Lettonia,2024,40652.3
LV,Lettonia,2025,43026.2
MD,MD,2014,7082.6
MD,MD,2015,7025.0
MD,MD,2016,7210.8
MD,MD,2017,8450.3
MD,MD,2018,9526.5
MD,MD,2019,10484.4
MD,MD,2020,10112.5
MD,MD,2021,11570.8
MD,MD,2022,13793.6
MD,MD,2023,15453.5
MD,MD,2024,16824.8
MD,MD,2025,18045.0
ME,Montenegro,2006,2166.3
ME,Montenegro,2007,2687.1
ME,Montenegro,2008,3100.0
ME,Montenegro,2009,2981.9
ME,Montenegro,2010,3120.5
ME,Montenegro,2011,3238.0
ME,Montenegro,2012,3169.3
ME,Montenegro,2013,3329.6
ME,Montenegro,2014,3447.2
ME,Montenegro,2015,3615.0
ME,Montenegro,2016,3936.6
ME,Montenegro,2017,4252.5
ME,Montenegro,2018,4600.9
ME,Montenegro,2019,4898.4
ME,Montenegro,2020,4144.8
ME,Montenegro,2021,4923.2
ME,Montenegro,2022,5944.4
ME,Montenegro,2023,7068.8
ME,Montenegro,2024,7644.5
ME,Montenegro,2025,8170.7
MK,Macedonia del Nord,2000,4094.6
MK,Macedonia del Nord,2001,4143.5
MK,Macedonia del Nord,2002,4240.5
MK,Macedonia del Nord,2003,4385.9
MK,Macedonia del Nord,2004,4577.7
MK,Macedonia del Nord,2005,5032.0
MK,Macedonia del Nord,2006,5472.2
MK,Macedonia del Nord,2007,6094.5
MK,Macedonia del Nord,2008,6772.1
MK,Macedonia del Nord,2009,6766.5
MK,Macedonia del Nord,2010,7108.3
MK,Macedonia del Nord,2011,7544.2
MK,Macedonia del Nord,2012,7584.8
MK,Macedonia del Nord,2013,8149.6
MK,Macedonia del Nord,2014,8562.0
MK,Macedonia del Nord,2015,9072.3
MK,Macedonia del Nord,2016,9656.5
MK,Macedonia del Nord,2017,10038.3
MK,Macedonia del Nord,2018,10744.0
MK,Macedonia del Nord,2019,11262.0
MK,Macedonia del Nord,2020,10851.7
MK,Macedonia del Nord,2021,11834.7
MK,Macedonia del Nord,2022,13243.2
MK,Macedonia del Nord,2023,14667.4
MK,Macedonia del Nord,2024,15672.0
MK,Macedonia del Nord,2025,16949.1
MT,Malta,1995,2838.2
MT,Malta,1996,3010.5
MT,Malta,1997,3341.0
MT,Malta,1998,3581.2
MT,Malta,1999,3852.1
MT,Malta,2000,4377.0
MT,Malta,2001,4546.1
MT,Malta,2002,4724.5
MT,Malta,2003,4796.9
MT,Malta,2004,4915.6
MT,Malta,2005,5133.8
MT,Malta,2006,5380.6
MT,Malta,2007,5778.2
MT,Malta,2008,6236.5
MT,Malta,2009,6287.6
MT,Malta,2010,6862.0
MT,Malta,2011,7032.8
MT,Malta,2012,7479.5
MT,Malta,2013,8129.4
MT,Malta,2014,8948.5
MT,Malta,2015,10221.4
MT,Malta,2016,10864.3
MT,Malta,2017,12535.7
MT,Malta,2018,13678.6
MT,Malta,2019,14594.2
MT,Malta,2020,14362.4
MT,Malta,2021,16703.0
MT,Malta,2022,18028.1
MT,Malta,2023,20914.5
MT,Malta,2024,23079.3
MT,Malta,2025,24664.0
NL,Paesi Bassi,1995,346510.0
NL,Paesi Bassi,1996,355624.3
NL,Paesi Bassi,1997,368473.6
NL,Paesi Bassi,1998,392001.0
NL,Paesi Bassi,1999,420143.0
NL,Paesi Bassi,2000,452191.0
NL,Paesi Bassi,2001,482941.0
NL,Paesi Bassi,2002,502901.0
NL,Paesi Bassi,2003,514901.0
NL,Paesi Bassi,2004,531573.0
NL,Paesi Bassi,2005,553122.0
NL,Paesi Bassi,2006,587444.0
NL,Paesi Bassi,2007,622775.0
NL,Paesi Bassi,2008,651299.0
NL,Paesi Bassi,2009,630173.0
NL,Paesi Bassi,2010,643022.0
NL,Paesi Bassi,2011,656013.0
NL,Paesi Bassi,2012,658232.0
NL,Paesi Bassi,2013,665567.0
NL,Paesi Bassi,2014,678627.0
NL,Paesi Bassi,2015,699175.0
NL,Paesi Bassi,2016,720175.0
NL,Paesi Bassi,2017,750861.0
NL,Paesi Bassi,2018,787273.0
NL,Paesi Bassi,2019,829767.0
NL,Paesi Bassi,2020,816463.0
NL,Paesi Bassi,2021,891550.0
NL,Paesi Bassi,2022,993820.0
NL,Paesi Bassi,2023,1050133.0
NL,Paesi Bassi,2024,1115252.0
NL,Paesi Bassi,2025,1170579.0
NO,Norvegia,1975,26443.9
NO,Norvegia,1976,32048.2
NO,Norvegia,1977,36241.7
NO,Norvegia,1978,36424.8
NO,Norvegia,1979,38643.8
NO,Norvegia,1980,46170.3
NO,Norvegia,1981,56966.2
NO,Norvegia,1982,63849.3
NO,Norvegia,1983,69037.3
NO,Norvegia,1984,78684.7
NO,Norvegia,1985,86106.0
NO,Norvegia,1986,79701.4
NO,Norvegia,1987,81486.3
NO,Norvegia,1988,85898.3
NO,Norvegia,1989,92825.3
NO,Norvegia,1990,93987.5
NO,Norvegia,1991,97966.7
NO,Norvegia,1992,100459.8
NO,Norvegia,1993,102312.9
NO,Norvegia,1994,106463.5
NO,Norvegia,1995,115517.7
NO,Norvegia,1996,127812.1
NO,Norvegia,1997,141151.8
NO,Norvegia,1998,136319.6
NO,Norvegia,1999,151382.2
NO,Norvegia,2000,185108.4
NO,Norvegia,2001,193936.4
NO,Norvegia,2002,207723.8
NO,Norvegia,2003,202757.6
NO,Norvegia,2004,213960.0
NO,Norvegia,2005,250500.2
NO,Norvegia,2006,278755.5
NO,Norvegia,2007,298195.2
NO,Norvegia,2008,323749.7
NO,Norvegia,2009,285072.6
NO,Norvegia,2010,332350.4
NO,Norvegia,2011,368828.4
NO,Norvegia,2012,408646.0
NO,Norvegia,2013,406481.2
NO,Norvegia,2014,389086.7
NO,Norvegia,2015,361028.8
NO,Norvegia,2016,346542.3
NO,Norvegia,2017,368640.5
NO,Norvegia,2018,385198.6
NO,Norvegia,2019,378978.5
NO,Norvegia,2020,335661.0
NO,Norvegia,2021,440848.6
NO,Norvegia,2022,587476.0
NO,Norvegia,2023,464330.3
NO,Norvegia,2024,462846.4
NO,Norvegia,2025,470358.7
PL,Polonia,1995,109251.2
PL,Polonia,1996,126689.1
PL,Polonia,1997,141122.1
PL,Polonia,1998,155540.9
PL,Polonia,1999,160193.7
PL,Polonia,2000,187532.8
PL,Polonia,2001,213857.2
PL,Polonia,2002,211220.0
PL,Polonia,2003,193199.6
PL,Polonia,2004,207064.4
PL,Polonia,2005,246903.6
PL,Polonia,2006,275514.0
PL,Polonia,2007,314356.3
PL,Polonia,2008,367420.9
PL,Polonia,2009,317876.9
PL,Polonia,2010,360890.7
PL,Polonia,2011,379540.6
PL,Polonia,2012,387660.3
PL,Polonia,2013,390177.0
PL,Polonia,2014,408714.7
PL,Polonia,2015,432485.8
PL,Polonia,2016,427658.6
PL,Polonia,2017,469071.2
PL,Polonia,2018,503951.0
PL,Polonia,2019,538423.5
PL,Polonia,2020,531827.4
PL,Polonia,2021,583001.4
PL,Polonia,2022,661712.3
PL,Polonia,2023,751931.7
PL,Polonia,2024,852229.8
PL,Polonia,2025,922865.5
PT,Portogallo,1995,91015.8
PT,Portogallo,1996,96626.8
PT,Portogallo,1997,103306.6
PT,Portogallo,1998,110683.7
PT,Portogallo,1999,119603.3
PT,Portogallo,2000,128414.4
PT,Portogallo,2001,135775.0
PT,Portogallo,2002,142554.3
PT,Portogallo,2003,146067.9
PT,Portogallo,2004,152248.4
PT,Portogallo,2005,158552.7
PT,Portogallo,2006,166260.5
PT,Portogallo,2007,175483.4
PT,Portogallo,2008,179102.8
PT,Portogallo,2009,175416.4
PT,Portogallo,2010,179860.4
PT,Portogallo,2011,176318.0
PT,Portogallo,2012,168538.8
PT,Portogallo,2013,170675.6
PT,Portogallo,2014,173186.7
PT,Portogallo,2015,179392.7
PT,Portogallo,2016,186380.7
PT,Portogallo,2017,195509.1
PT,Portogallo,2018,204997.6
PT,Portogallo,2019,214489.9
PT,Portogallo,2020,201032.7
PT,Portogallo,2021,216493.7
PT,Portogallo,2022,243957.1
PT,Portogallo,2023,270352.6
PT,Portogallo,2024,289784.3
PT,Portogallo,2025,306749.6
RO,Romania,1995,28589.8
RO,Romania,1996,29035.4
RO,Romania,1997,31450.5
RO,Romania,1998,37063.3
RO,Romania,1999,33726.8
RO,Romania,2000,40594.9
RO,Romania,2001,45143.6
RO,Romania,2002,48695.7
RO,Romania,2003,51108.5
RO,Romania,2004,60402.0
RO,Romania,2005,79223.9
RO,Romania,2006,97215.6
RO,Romania,2007,127632.0
RO,Romania,2008,146589.7
RO,Romania,2009,125219.8
RO,Romania,2010,128305.3
RO,Romania,2011,138528.2
RO,Romania,2012,139307.7
RO,Romania,2013,142936.0
RO,Romania,2014,150528.8
RO,Romania,2015,160289.0
RO,Romania,2016,167497.1
RO,Romania,2017,186399.2
RO,Romania,2018,204780.7
RO,Romania,2019,223341.4
RO,Romania,2020,219839.8
RO,Romania,2021,240986.6
RO,Romania,2022,280777.4
RO,Romania,2023,321577.9
RO,Romania,2024,353633.1
RO,Romania,2025,380058.1
RS,RS,1995,28209.6
RS,RS,1996,19835.3
RS,RS,1997,24765.0
RS,RS,1998,20091.1
RS,RS,1999,20747.9
RS,RS,2000,30369.9
RS,RS,2001,15303.4
RS,RS,2002,19024.9
RS,RS,2003,20864.2
RS,RS,2004,21560.1
RS,RS,2005,22777.2
RS,RS,2006,26582.1
RS,RS,2007,32813.0
RS,RS,2008,37099.0
RS,RS,2009,33776.0
RS,RS,2010,32841.2
RS,RS,2011,36865.2
RS,RS,2012,35074.4
RS,RS,2013,37978.2
RS,RS,2014,37014.0
RS,RS,2015,37219.6
RS,RS,2016,38164.7
RS,RS,2017,40828.4
RS,RS,2018,44710.6
RS,RS,2019,48104.5
RS,RS,2020,49024.2
RS,RS,2021,55931.3
RS,RS,2022,63512.8
RS,RS,2023,75205.2
RS,RS,2024,83257.9
RS,RS,2025,88672.8
SE,Svezia,1993,181450.2
SE,Svezia,1994,192581.3
SE,Svezia,1995,204133.2
SE,Svezia,1996,229933.4
SE,Svezia,1997,236737.0
SE,Svezia,1998,241537.8
SE,Svezia,1999,257340.7
SE,Svezia,2000,285224.2
SE,Svezia,2001,270638.2
SE,Svezia,2002,284182.8
SE,Svezia,2003,296070.9
SE,Svezia,2004,309720.9
SE,Svezia,2005,315348.4
SE,Svezia,2006,336866.7
SE,Svezia,2007,358064.8
SE,Svezia,2008,352761.6
SE,Svezia,2009,313033.6
SE,Svezia,2010,372381.5
SE,Svezia,2011,410287.8
SE,Svezia,2012,427901.2
SE,Svezia,2013,439805.4
SE,Svezia,2014,435639.5
SE,Svezia,2015,452337.2
SE,Svezia,2016,463918.8
SE,Svezia,2017,474838.2
SE,Svezia,2018,465753.3
SE,Svezia,2019,474202.9
SE,Svezia,2020,478106.9
SE,Svezia,2021,533953.6
SE,Svezia,2022,547190.4
SE,Svezia,2023,535176.8
SE,Svezia,2024,563572.2
SE,Svezia,2025,600390.8
SI,Slovenia,1995,16352.0
SI,Slovenia,1996,16917.3
SI,Slovenia,1997,18288.8
SI,Slovenia,1998,19706.3
SI,Slovenia,1999,21132.4
SI,Slovenia,2000,21726.2
SI,Slovenia,2001,23018.1
SI,Slovenia,2002,24679.7
SI,Slovenia,2003,26004.7
SI,Slovenia,2004,27484.3
SI,Slovenia,2005,28914.4
SI,Slovenia,2006,31300.2
SI,Slovenia,2007,34936.9
SI,Slovenia,2008,37742.1
SI,Slovenia,2009,35830.3
SI,Slovenia,2010,36050.8
SI,Slovenia,2011,36782.2
SI,Slovenia,2012,35933.6
SI,Slovenia,2013,36041.3
SI,Slovenia,2014,37270.9
SI,Slovenia,2015,38493.9
SI,Slovenia,2016,40013.2
SI,Slovenia,2017,42625.5
SI,Slovenia,2018,45462.4
SI,Slovenia,2019,48156.5
SI,Slovenia,2020,46738.7
SI,Slovenia,2021,52032.4
SI,Slovenia,2022,56901.5
SI,Slovenia,2023,64118.9
SI,Slovenia,2024,67477.8
SI,Slovenia,2025,71170.7
SK,Slovacchia,1995,15524.4
SK,Slovacchia,1996,17219.8
SK,Slovacchia,1997,19427.8
SK,Slovacchia,1998,20415.6
SK,Slovacchia,1999,19537.0
SK,Slovacchia,2000,22368.6
SK,Slovacchia,2001,23869.3
SK,Slovacchia,2002,26300.3
SK,Slovacchia,2003,29924.1
SK,Slovacchia,2004,34623.4
SK,Slovacchia,2005,39239.7
SK,Slovacchia,2006,45592.0
SK,Slovacchia,2007,56354.7
SK,Slovacchia,2008,66065.4
SK,Slovacchia,2009,64055.1
SK,Slovacchia,2010,68726.7
SK,Slovacchia,2011,71629.5
SK,Slovacchia,2012,73727.6
SK,Slovacchia,2013,74642.7
SK,Slovacchia,2014,76562.3
SK,Slovacchia,2015,80376.3
SK,Slovacchia,2016,81621.6
SK,Slovacchia,2017,84960.4
SK,Slovacchia,2018,90275.9
SK,Slovacchia,2019,94547.5
SK,Slovacchia,2020,94320.6
SK,Slovacchia,2021,101891.6
SK,Slovacchia,2022,109959.8
SK,Slovacchia,2023,123538.7
SK,Slovacchia,2024,130207.5
SK,Slovacchia,2025,136754.3
TR,Turchia,1995,179629.4
TR,Turchia,1996,197491.5
TR,Turchia,1997,233205.2
TR,Turchia,1998,245042.7
TR,Turchia,1999,240363.8
TR,Turchia,2000,298848.2
TR,Turchia,2001,224789.4
TR,Turchia,2002,252071.2
TR,Turchia,2003,279289.9
TR,Turchia,2004,329015.6
TR,Turchia,2005,407228.2
TR,Turchia,2006,441934.6
TR,Turchia,2007,499751.2
TR,Turchia,2008,529385.7
TR,Turchia,2009,468545.3
TR,Turchia,2010,589054.8
TR,Turchia,2011,604835.5
TR,Turchia,2012,687291.7
TR,Turchia,2013,723009.3
TR,Turchia,2014,709567.6
TR,Turchia,2015,778072.8
TR,Turchia,2016,786644.3
TR,Turchia,2017,764822.9
TR,Turchia,2018,666902.5
TR,Turchia,2019,692385.8
TR,Turchia,2020,638349.1
TR,Turchia,2021,707145.8
TR,Turchia,2022,880351.2
TR,Turchia,2023,1051699.7
TR,Turchia,2024,1253386.7
TR,Turchia,2025,1406211.3
UA,Ucraina,2000,35062.3
UA,Ucraina,2001,43915.2
UA,Ucraina,2002,46469.2
UA,Ucraina,2003,45961.9
UA,Ucraina,2004,54027.9
UA,Ucraina,2005,71835.2
UA,Ucraina,2006,89091.3
UA,Ucraina,2007,108496.5
UA,Ucraina,2008,128508.2
UA,Ucraina,2009,86946.6
UA,Ucraina,2010,102270.9
UA,Ucraina,2011,117384.2
UA,Ucraina,2012,136750.4
UA,Ucraina,2013,138021.4
UA,Ucraina,2014,101185.1
UA,Ucraina,2015,82203.6
UA,Ucraina,2016,84254.1
UA,Ucraina,2017,99198.6
UA,Ucraina,2018,110834.0
UA,Ucraina,2019,137528.0
UA,Ucraina,2020,136595.3
UA,Ucraina,2021,168960.3
UA,Ucraina,2022,154006.3
UA,Ucraina,2023,167632.0
UA,Ucraina,2024,176270.4
UK,Regno Unito,1995,1025809.9
UK,Regno Unito,1996,1114850.1
UK,Regno Unito,1997,1374765.3
UK,Regno Unito,1998,1474279.7
UK,Regno Unito,1999,1578395.1
UK,Regno Unito,2000,1798090.2
UK,Regno Unito,2001,1830567.5
UK,Regno Unito,2002,1888699.6
UK,Regno Unito,2003,1815326.8
UK,Regno Unito,2004,1941265.1
UK,Regno Unito,2005,2037200.9
UK,Regno Unito,2006,2157333.5
UK,Regno Unito,2007,2259235.2
UK,Regno Unito,2008,1995854.5
UK,Regno Unito,2009,1738066.5
UK,Regno Unito,2010,1872175.5
UK,Regno Unito,2011,1912869.3
UK,Regno Unito,2012,2111028.9
UK,Regno Unito,2013,2096338.0
UK,Regno Unito,2014,2311080.2
UK,Regno Unito,2015,2644716.5
UK,Regno Unito,2016,2434119.2
UK,Regno Unito,2017,2359789.9
UK,Regno Unito,2018,2420897.2
UK,Regno Unito,2019,2526615.2
XK,XK,2008,3537.6
XK,XK,2009,3610.4
XK,XK,2010,4031.0
XK,XK,2011,4555.9
XK,XK,2012,4797.3
XK,XK,2013,5071.3
XK,XK,2014,5325.1
XK,XK,2015,5674.4
XK,XK,2016,6037.3
XK,XK,2017,6356.5
XK,XK,2018,6671.5
XK,XK,2019,7056.2
XK,XK,2020,6771.6
XK,XK,2021,7957.9
XK,XK,2022,8895.7
XK,XK,2023,9680.1
XK,XK,2024,10350.4
XK,XK,2025,11026.3
