year,indicator,label,value
1988,GGXCNL_NGDP,Indebitamento netto (% PIL),-10.6
1989,GGXCNL_NGDP,Indebitamento netto (% PIL),-10.9
1990,GGXCNL_NGDP,Indebitamento netto (% PIL),-11.1
1991,GGXCNL_NGDP,Indebitamento netto (% PIL),-11.1
1992,GGXCNL_NGDP,Indebitamento netto (% PIL),-10.1
1993,GGXCNL_NGDP,Indebitamento netto (% PIL),-9.8
1994,GGXCNL_NGDP,Indebitamento netto (% PIL),-8.8
1995,GGXCNL_NGDP,Indebitamento netto (% PIL),-7.2
1996,GGXCNL_NGDP,Indebitamento netto (% PIL),-6.6
1997,GGXCNL_NGDP,Indebitamento netto (% PIL),-3.0
1998,GGXCNL_NGDP,Indebitamento netto (% PIL),-3.0
1999,GGXCNL_NGDP,Indebitamento netto (% PIL),-1.8
2000,GGXCNL_NGDP,Indebitamento netto (% PIL),-2.4
2001,GGXCNL_NGDP,Indebitamento netto (% PIL),-3.2
2002,GGXCNL_NGDP,Indebitamento netto (% PIL),-2.9
2003,GGXCNL_NGDP,Indebitamento netto (% PIL),-3.2
2004,GGXCNL_NGDP,Indebitamento netto (% PIL),-3.5
2005,GGXCNL_NGDP,Indebitamento netto (% PIL),-4.1
2006,GGXCNL_NGDP,Indebitamento netto (% PIL),-3.6
2007,GGXCNL_NGDP,Indebitamento netto (% PIL),-1.3
2008,GGXCNL_NGDP,Indebitamento netto (% PIL),-2.6
2009,GGXCNL_NGDP,Indebitamento netto (% PIL),-5.1
2010,GGXCNL_NGDP,Indebitamento netto (% PIL),-4.2
2011,GGXCNL_NGDP,Indebitamento netto (% PIL),-3.5
2012,GGXCNL_NGDP,Indebitamento netto (% PIL),-3.0
2013,GGXCNL_NGDP,Indebitamento netto (% PIL),-2.9
2014,GGXCNL_NGDP,Indebitamento netto (% PIL),-2.8
2015,GGXCNL_NGDP,Indebitamento netto (% PIL),-2.5
2016,GGXCNL_NGDP,Indebitamento netto (% PIL),-2.4
2017,GGXCNL_NGDP,Indebitamento netto (% PIL),-2.5
2018,GGXCNL_NGDP,Indebitamento netto (% PIL),-2.2
2019,GGXCNL_NGDP,Indebitamento netto (% PIL),-1.5
2020,GGXCNL_NGDP,Indebitamento netto (% PIL),-9.4
2021,GGXCNL_NGDP,Indebitamento netto (% PIL),-8.9
2022,GGXCNL_NGDP,Indebitamento netto (% PIL),-8.1
2023,GGXCNL_NGDP,Indebitamento netto (% PIL),-7.1
2024,GGXCNL_NGDP,Indebitamento netto (% PIL),-3.4
2025,GGXCNL_NGDP,Indebitamento netto (% PIL),-3.1
2026,GGXCNL_NGDP,Indebitamento netto (% PIL),-2.8
2027,GGXCNL_NGDP,Indebitamento netto (% PIL),-2.6
2028,GGXCNL_NGDP,Indebitamento netto (% PIL),-2.4
2029,GGXCNL_NGDP,Indebitamento netto (% PIL),-2.5
2030,GGXCNL_NGDP,Indebitamento netto (% PIL),-2.5
2031,GGXCNL_NGDP,Indebitamento netto (% PIL),-2.7
1988,GGXWDG_NGDP,Debito pubblico lordo (% PIL),95.7
1989,GGXWDG_NGDP,Debito pubblico lordo (% PIL),98.4
1990,GGXWDG_NGDP,Debito pubblico lordo (% PIL),101.7
1991,GGXWDG_NGDP,Debito pubblico lordo (% PIL),105.3
1992,GGXWDG_NGDP,Debito pubblico lordo (% PIL),113.0
1993,GGXWDG_NGDP,Debito pubblico lordo (% PIL),124.1
1994,GGXWDG_NGDP,Debito pubblico lordo (% PIL),130.8
1995,GGXWDG_NGDP,Debito pubblico lordo (% PIL),119.1
1996,GGXWDG_NGDP,Debito pubblico lordo (% PIL),118.9
1997,GGXWDG_NGDP,Debito pubblico lordo (% PIL),116.5
1998,GGXWDG_NGDP,Debito pubblico lordo (% PIL),113.9
1999,GGXWDG_NGDP,Debito pubblico lordo (% PIL),113.1
2000,GGXWDG_NGDP,Debito pubblico lordo (% PIL),108.7
2001,GGXWDG_NGDP,Debito pubblico lordo (% PIL),108.5
2002,GGXWDG_NGDP,Debito pubblico lordo (% PIL),105.9
2003,GGXWDG_NGDP,Debito pubblico lordo (% PIL),105.1
2004,GGXWDG_NGDP,Debito pubblico lordo (% PIL),104.7
2005,GGXWDG_NGDP,Debito pubblico lordo (% PIL),106.2
2006,GGXWDG_NGDP,Debito pubblico lordo (% PIL),106.3
2007,GGXWDG_NGDP,Debito pubblico lordo (% PIL),103.5
2008,GGXWDG_NGDP,Debito pubblico lordo (% PIL),105.8
2009,GGXWDG_NGDP,Debito pubblico lordo (% PIL),116.1
2010,GGXWDG_NGDP,Debito pubblico lordo (% PIL),118.8
2011,GGXWDG_NGDP,Debito pubblico lordo (% PIL),119.1
2012,GGXWDG_NGDP,Debito pubblico lordo (% PIL),125.9
2013,GGXWDG_NGDP,Debito pubblico lordo (% PIL),131.9
2014,GGXWDG_NGDP,Debito pubblico lordo (% PIL),134.8
2015,GGXWDG_NGDP,Debito pubblico lordo (% PIL),134.8
2016,GGXWDG_NGDP,Debito pubblico lordo (% PIL),134.2
2017,GGXWDG_NGDP,Debito pubblico lordo (% PIL),133.7
2018,GGXWDG_NGDP,Debito pubblico lordo (% PIL),134.2
2019,GGXWDG_NGDP,Debito pubblico lordo (% PIL),133.9
2020,GGXWDG_NGDP,Debito pubblico lordo (% PIL),154.4
2021,GGXWDG_NGDP,Debito pubblico lordo (% PIL),145.8
2022,GGXWDG_NGDP,Debito pubblico lordo (% PIL),138.4
2023,GGXWDG_NGDP,Debito pubblico lordo (% PIL),133.9
2024,GGXWDG_NGDP,Debito pubblico lordo (% PIL),134.7
2025,GGXWDG_NGDP,Debito pubblico lordo (% PIL),137.1
2026,GGXWDG_NGDP,Debito pubblico lordo (% PIL),138.4
2027,GGXWDG_NGDP,Debito pubblico lordo (% PIL),138.8
2028,GGXWDG_NGDP,Debito pubblico lordo (% PIL),137.6
2029,GGXWDG_NGDP,Debito pubblico lordo (% PIL),137.1
2030,GGXWDG_NGDP,Debito pubblico lordo (% PIL),136.5
2031,GGXWDG_NGDP,Debito pubblico lordo (% PIL),136.1
1980,LP,Popolazione (milioni),56.388
1981,LP,Popolazione (milioni),56.479
1982,LP,Popolazione (milioni),56.524
1983,LP,Popolazione (milioni),56.563
1984,LP,Popolazione (milioni),56.565
1985,LP,Popolazione (milioni),56.588
1986,LP,Popolazione (milioni),56.598
1987,LP,Popolazione (milioni),56.594
1988,LP,Popolazione (milioni),56.609
1989,LP,Popolazione (milioni),56.649
1990,LP,Popolazione (milioni),56.694
1991,LP,Popolazione (milioni),56.744
1992,LP,Popolazione (milioni),56.773
1993,LP,Popolazione (milioni),56.821
1994,LP,Popolazione (milioni),56.842
1995,LP,Popolazione (milioni),56.844
1996,LP,Popolazione (milioni),56.844
1997,LP,Popolazione (milioni),56.876
1998,LP,Popolazione (milioni),56.904
1999,LP,Popolazione (milioni),56.909
2000,LP,Popolazione (milioni),56.924
2001,LP,Popolazione (milioni),56.961
2002,LP,Popolazione (milioni),56.993
2003,LP,Popolazione (milioni),57.186
2004,LP,Popolazione (milioni),57.612
2005,LP,Popolazione (milioni),58.044
2006,LP,Popolazione (milioni),58.289
2007,LP,Popolazione (milioni),58.511
2008,LP,Popolazione (milioni),59.002
2009,LP,Popolazione (milioni),59.421
2010,LP,Popolazione (milioni),59.69
2011,LP,Popolazione (milioni),59.948
2012,LP,Popolazione (milioni),60.105
2013,LP,Popolazione (milioni),60.277
2014,LP,Popolazione (milioni),60.346
2015,LP,Popolazione (milioni),60.295
2016,LP,Popolazione (milioni),60.164
2017,LP,Popolazione (milioni),60.067
2018,LP,Popolazione (milioni),59.938
2019,LP,Popolazione (milioni),59.817
2020,LP,Popolazione (milioni),59.641
2021,LP,Popolazione (milioni),59.236
2022,LP,Popolazione (milioni),59.03
2023,LP,Popolazione (milioni),58.997
2024,LP,Popolazione (milioni),58.971
2025,LP,Popolazione (milioni),58.934
2026,LP,Popolazione (milioni),58.879
2027,LP,Popolazione (milioni),58.806
2028,LP,Popolazione (milioni),58.716
2029,LP,Popolazione (milioni),58.611
2030,LP,Popolazione (milioni),58.493
2031,LP,Popolazione (milioni),58.364
1980,NGDPD,PIL a prezzi correnti (miliardi USD),479.967
1981,NGDPD,PIL a prezzi correnti (miliardi USD),435.267
1982,NGDPD,PIL a prezzi correnti (miliardi USD),430.169
1983,NGDPD,PIL a prezzi correnti (miliardi USD),446.399
1984,NGDPD,PIL a prezzi correnti (miliardi USD),441.048
1985,NGDPD,PIL a prezzi correnti (miliardi USD),455.457
1986,NGDPD,PIL a prezzi correnti (miliardi USD),645.071
1987,NGDPD,PIL a prezzi correnti (miliardi USD),809.632
1988,NGDPD,PIL a prezzi correnti (miliardi USD),897.006
1989,NGDPD,PIL a prezzi correnti (miliardi USD),932.931
1990,NGDPD,PIL a prezzi correnti (miliardi USD),1164.328
1991,NGDPD,PIL a prezzi correnti (miliardi USD),1229.898
1992,NGDPD,PIL a prezzi correnti (miliardi USD),1305.099
1993,NGDPD,PIL a prezzi correnti (miliardi USD),1049.47
1994,NGDPD,PIL a prezzi correnti (miliardi USD),1082.455
1995,NGDPD,PIL a prezzi correnti (miliardi USD),1177.987
1996,NGDPD,PIL a prezzi correnti (miliardi USD),1315.135
1997,NGDPD,PIL a prezzi correnti (miliardi USD),1246.342
1998,NGDPD,PIL a prezzi correnti (miliardi USD),1274.382
1999,NGDPD,PIL a prezzi correnti (miliardi USD),1256.25
2000,NGDPD,PIL a prezzi correnti (miliardi USD),1150.169
2001,NGDPD,PIL a prezzi correnti (miliardi USD),1172.05
2002,NGDPD,PIL a prezzi correnti (miliardi USD),1280.84
2003,NGDPD,PIL a prezzi correnti (miliardi USD),1582.534
2004,NGDPD,PIL a prezzi correnti (miliardi USD),1811.987
2005,NGDPD,PIL a prezzi correnti (miliardi USD),1866.013
2006,NGDPD,PIL a prezzi correnti (miliardi USD),1958.667
2007,NGDPD,PIL a prezzi correnti (miliardi USD),2222.788
2008,NGDPD,PIL a prezzi correnti (miliardi USD),2417.245
2009,NGDPD,PIL a prezzi correnti (miliardi USD),2207.085
2010,NGDPD,PIL a prezzi correnti (miliardi USD),2146.687
2011,NGDPD,PIL a prezzi correnti (miliardi USD),2306.569
2012,NGDPD,PIL a prezzi correnti (miliardi USD),2099.259
2013,NGDPD,PIL a prezzi correnti (miliardi USD),2153.257
2014,NGDPD,PIL a prezzi correnti (miliardi USD),2173.816
2015,NGDPD,PIL a prezzi correnti (miliardi USD),1845.615
2016,NGDPD,PIL a prezzi correnti (miliardi USD),1886.59
2017,NGDPD,PIL a prezzi correnti (miliardi USD),1970.025
2018,NGDPD,PIL a prezzi correnti (miliardi USD),2100.387
2019,NGDPD,PIL a prezzi correnti (miliardi USD),2019.829
2020,NGDPD,PIL a prezzi correnti (miliardi USD),1905.956
2021,NGDPD,PIL a prezzi correnti (miliardi USD),2180.657
2022,NGDPD,PIL a prezzi correnti (miliardi USD),2105.723
2023,NGDPD,PIL a prezzi correnti (miliardi USD),2317.55
2024,NGDPD,PIL a prezzi correnti (miliardi USD),2382.718
2025,NGDPD,PIL a prezzi correnti (miliardi USD),2550.111
2026,NGDPD,PIL a prezzi correnti (miliardi USD),2738.164
2027,NGDPD,PIL a prezzi correnti (miliardi USD),2805.918
2028,NGDPD,PIL a prezzi correnti (miliardi USD),2887.378
2029,NGDPD,PIL a prezzi correnti (miliardi USD),2965.313
2030,NGDPD,PIL a prezzi correnti (miliardi USD),3045.633
2031,NGDPD,PIL a prezzi correnti (miliardi USD),3127.67
1980,NGDP_RPCH,Crescita reale del PIL (%),3.1
1981,NGDP_RPCH,Crescita reale del PIL (%),4.7
1982,NGDP_RPCH,Crescita reale del PIL (%),0.4
1983,NGDP_RPCH,Crescita reale del PIL (%),1.2
1984,NGDP_RPCH,Crescita reale del PIL (%),3.2
1985,NGDP_RPCH,Crescita reale del PIL (%),2.8
1986,NGDP_RPCH,Crescita reale del PIL (%),2.9
1987,NGDP_RPCH,Crescita reale del PIL (%),3.2
1988,NGDP_RPCH,Crescita reale del PIL (%),4.2
1989,NGDP_RPCH,Crescita reale del PIL (%),3.4
1990,NGDP_RPCH,Crescita reale del PIL (%),2.1
1991,NGDP_RPCH,Crescita reale del PIL (%),1.4
1992,NGDP_RPCH,Crescita reale del PIL (%),0.8
1993,NGDP_RPCH,Crescita reale del PIL (%),-0.9
1994,NGDP_RPCH,Crescita reale del PIL (%),2.2
1995,NGDP_RPCH,Crescita reale del PIL (%),2.9
1996,NGDP_RPCH,Crescita reale del PIL (%),1.5
1997,NGDP_RPCH,Crescita reale del PIL (%),1.9
1998,NGDP_RPCH,Crescita reale del PIL (%),1.8
1999,NGDP_RPCH,Crescita reale del PIL (%),1.7
2000,NGDP_RPCH,Crescita reale del PIL (%),3.9
2001,NGDP_RPCH,Crescita reale del PIL (%),2.0
2002,NGDP_RPCH,Crescita reale del PIL (%),0.3
2003,NGDP_RPCH,Crescita reale del PIL (%),0.1
2004,NGDP_RPCH,Crescita reale del PIL (%),1.5
2005,NGDP_RPCH,Crescita reale del PIL (%),0.8
2006,NGDP_RPCH,Crescita reale del PIL (%),1.8
2007,NGDP_RPCH,Crescita reale del PIL (%),1.5
2008,NGDP_RPCH,Crescita reale del PIL (%),-1.0
2009,NGDP_RPCH,Crescita reale del PIL (%),-5.3
2010,NGDP_RPCH,Crescita reale del PIL (%),1.5
2011,NGDP_RPCH,Crescita reale del PIL (%),0.7
2012,NGDP_RPCH,Crescita reale del PIL (%),-3.1
2013,NGDP_RPCH,Crescita reale del PIL (%),-1.8
2014,NGDP_RPCH,Crescita reale del PIL (%),0.0
2015,NGDP_RPCH,Crescita reale del PIL (%),0.9
2016,NGDP_RPCH,Crescita reale del PIL (%),1.2
2017,NGDP_RPCH,Crescita reale del PIL (%),1.6
2018,NGDP_RPCH,Crescita reale del PIL (%),0.8
2019,NGDP_RPCH,Crescita reale del PIL (%),0.4
2020,NGDP_RPCH,Crescita reale del PIL (%),-8.9
2021,NGDP_RPCH,Crescita reale del PIL (%),8.9
2022,NGDP_RPCH,Crescita reale del PIL (%),4.8
2023,NGDP_RPCH,Crescita reale del PIL (%),0.9
2024,NGDP_RPCH,Crescita reale del PIL (%),0.8
2025,NGDP_RPCH,Crescita reale del PIL (%),0.5
2026,NGDP_RPCH,Crescita reale del PIL (%),0.5
2027,NGDP_RPCH,Crescita reale del PIL (%),0.5
2028,NGDP_RPCH,Crescita reale del PIL (%),0.8
2029,NGDP_RPCH,Crescita reale del PIL (%),0.7
2030,NGDP_RPCH,Crescita reale del PIL (%),0.7
2031,NGDP_RPCH,Crescita reale del PIL (%),0.7
1980,PCPIPCH,Inflazione media (%),21.8
1981,PCPIPCH,Inflazione media (%),19.5
1982,PCPIPCH,Inflazione media (%),16.5
1983,PCPIPCH,Inflazione media (%),14.7
1984,PCPIPCH,Inflazione media (%),10.7
1985,PCPIPCH,Inflazione media (%),9.0
1986,PCPIPCH,Inflazione media (%),5.8
1987,PCPIPCH,Inflazione media (%),4.7
1988,PCPIPCH,Inflazione media (%),5.1
1989,PCPIPCH,Inflazione media (%),6.2
1990,PCPIPCH,Inflazione media (%),6.4
1991,PCPIPCH,Inflazione media (%),6.2
1992,PCPIPCH,Inflazione media (%),5.0
1993,PCPIPCH,Inflazione media (%),4.5
1994,PCPIPCH,Inflazione media (%),4.2
1995,PCPIPCH,Inflazione media (%),5.4
1996,PCPIPCH,Inflazione media (%),3.9
1997,PCPIPCH,Inflazione media (%),1.9
1998,PCPIPCH,Inflazione media (%),2.0
1999,PCPIPCH,Inflazione media (%),1.6
2000,PCPIPCH,Inflazione media (%),2.6
2001,PCPIPCH,Inflazione media (%),2.3
2002,PCPIPCH,Inflazione media (%),2.6
2003,PCPIPCH,Inflazione media (%),2.8
2004,PCPIPCH,Inflazione media (%),2.3
2005,PCPIPCH,Inflazione media (%),2.2
2006,PCPIPCH,Inflazione media (%),2.2
2007,PCPIPCH,Inflazione media (%),2.0
2008,PCPIPCH,Inflazione media (%),3.5
2009,PCPIPCH,Inflazione media (%),0.8
2010,PCPIPCH,Inflazione media (%),1.6
2011,PCPIPCH,Inflazione media (%),2.9
2012,PCPIPCH,Inflazione media (%),3.3
2013,PCPIPCH,Inflazione media (%),1.3
2014,PCPIPCH,Inflazione media (%),0.2
2015,PCPIPCH,Inflazione media (%),0.2
2016,PCPIPCH,Inflazione media (%),-0.1
2017,PCPIPCH,Inflazione media (%),1.3
2018,PCPIPCH,Inflazione media (%),1.2
2019,PCPIPCH,Inflazione media (%),0.7
2020,PCPIPCH,Inflazione media (%),-0.2
2021,PCPIPCH,Inflazione media (%),2.0
2022,PCPIPCH,Inflazione media (%),8.7
2023,PCPIPCH,Inflazione media (%),5.9
2024,PCPIPCH,Inflazione media (%),1.1
2025,PCPIPCH,Inflazione media (%),1.6
2026,PCPIPCH,Inflazione media (%),2.6
2027,PCPIPCH,Inflazione media (%),2.4
2028,PCPIPCH,Inflazione media (%),2.3
2029,PCPIPCH,Inflazione media (%),2.0
2030,PCPIPCH,Inflazione media (%),2.0
2031,PCPIPCH,Inflazione media (%),2.0
