year,scenario,label,core_share,related_share,total_share,gdp_bn,price_index,core_bn,related_bn,total_bn,extra_vs_baseline_bn,cumulative_extra_bn,core_bn_const,related_bn_const,total_bn_const,extra_vs_baseline_bn_const,cumulative_extra_bn_const,sanita_bn,extra_pct_sanita,extra_years_of_sanita,istruzione_bn,extra_pct_istruzione,extra_years_of_istruzione,population_m,extra_per_capita_eur,extra_per_capita_eur_const
2026,baseline,"Quota 2026 costante (2,8% del PIL)",2.1,0.7,2.8,2328.341756031,1.026,48.895176876651,16.298392292217,65.193569168868,0.0,0.0,47.656117813499996,15.885372604499999,63.541490417999995,0.0,0.0,153.670555898046,0.0,0.0,93.13367024124,0.0,0.0,58.879,0.0,0.0
2027,baseline,"Quota 2026 costante (2,8% del PIL)",2.1,0.7,2.8,2396.1430679666223,1.050624,50.31900442729907,16.773001475766353,67.09200590306541,0.0,0.0,47.8943984025675,15.964799467522495,63.85919787008998,0.0,0.0,158.14544248579708,0.0,0.0,95.84572271866489,0.0,0.0,58.806,0.0,0.0
2028,baseline,"Quota 2026 costante (2,8% del PIL)",2.1,0.7,2.8,2470.864393398093,1.074788352,51.888152261359956,17.29605075378665,69.1842030151466,0.0,0.0,48.27755358978803,16.092517863262675,64.3700714530507,0.0,0.0,163.07704996427415,0.0,0.0,98.83457573592372,0.0,0.0,58.716,0.0,0.0
2029,baseline,"Quota 2026 costante (2,8% del PIL)",2.1,0.7,2.8,2537.923653034917,1.09628411904,53.296396713733266,17.76546557124442,71.06186228497768,0.0,0.0,48.615496464916546,16.205165488305514,64.82066195322206,0.0,0.0,167.50296110030453,0.0,0.0,101.51694612139669,0.0,0.0,58.611,0.0,0.0
2030,baseline,"Quota 2026 costante (2,8% del PIL)",2.1,0.7,2.8,2606.8029009782845,1.1182098014208,54.742860920543976,18.24762030684799,72.99048122739195,0.0,0.0,48.95580494017095,16.318601646723646,65.27440658689459,0.0,0.0,172.0489914645668,0.0,0.0,104.27211603913138,0.0,0.0,58.493,0.0,0.0
2031,baseline,"Quota 2026 costante (2,8% del PIL)",2.1,0.7,2.8,2677.5515317108348,1.140573997449216,56.228582165927534,18.74286072197584,74.97144288790336,0.0,0.0,49.298495574752145,16.43283185825071,65.73132743300285,0.0,0.0,176.71840109291512,0.0,0.0,107.10206126843339,0.0,0.0,58.364,0.0,0.0
2032,baseline,"Quota 2026 costante (2,8% del PIL)",2.1,0.7,2.8,2750.220280281467,1.1633854773982002,57.754625885910805,19.251541961970265,77.00616784788106,0.0,0.0,49.64358504377541,16.547861681258468,66.19144672503387,0.0,0.0,181.51453849857683,0.0,0.0,110.00881121125867,0.0,0.0,58.364,0.0,0.0
2033,baseline,"Quota 2026 costante (2,8% del PIL)",2.1,0.7,2.8,2824.8612586883055,1.1866531869461643,59.32208643245442,19.774028810818137,79.09611524327255,0.0,0.0,49.99109013908183,16.663696713027274,66.6547868521091,0.0,0.0,186.44084307342817,0.0,0.0,112.99445034753222,0.0,0.0,58.364,0.0,0.0
2034,baseline,"Quota 2026 costante (2,8% del PIL)",2.1,0.7,2.8,2901.5279932491057,1.2103862506850875,60.93208785823123,20.31069595274374,81.24278381097496,0.0,0.0,50.3410277700554,16.780342590018464,67.12137036007385,0.0,0.0,191.50084755444098,0.0,0.0,116.06111972996423,0.0,0.0,58.364,0.0,0.0
2035,baseline,"Quota 2026 costante (2,8% del PIL)",2.1,0.7,2.8,2980.2754629858864,1.2345939756987894,62.58578472270362,20.861928240901204,83.44771296360481,0.0,0.0,50.69341496444578,16.897804988148593,67.59121995259437,0.0,0.0,196.69818055706853,0.0,0.0,119.21101851943546,0.0,0.0,58.364,0.0,0.0
2026,core_35,"Solo core al 3,5% (4,2% totale)",2.1,0.7,2.8,2328.341756031,1.026,48.895176876651,16.298392292217,65.193569168868,0.0,0.0,47.656117813499996,15.885372604499999,63.541490417999995,0.0,0.0,153.670555898046,0.0,0.0,93.13367024124,0.0,0.0,58.879,0.0,0.0
2027,core_35,"Solo core al 3,5% (4,2% totale)",2.2555555555555555,0.7,2.9555555555555557,2396.1430679666223,1.050624,54.04633808858048,16.773001475766353,70.81933956434685,3.7273336612814347,3.7273336612814347,51.442131617572485,15.964799467522495,67.406931085095,3.5477332150050205,3.5477332150050205,158.14544248579708,2.3569023569023706,0.023569023569023705,95.84572271866489,3.8888888888889124,0.038888888888889125,58.806,63.383560542826146,60.329442829048396
2028,core_35,"Solo core al 3,5% (4,2% totale)",2.4111111111111114,0.7,3.1111111111111116,2470.864393398093,1.074788352,59.57528592970958,17.29605075378665,76.87133668349624,7.687133668349645,11.41446732963108,55.42978375123811,16.092517863262675,71.52230161450079,7.152230161450099,10.69996337645512,163.07704996427415,4.713804713804727,0.07070707070707098,98.83457573592372,7.7777777777778,0.11666666666666713,58.716,130.92059520998782,121.81058248944238
2029,core_35,"Solo core al 3,5% (4,2% totale)",2.566666666666667,0.7,3.2666666666666666,2537.923653034917,1.09628411904,65.14004042789621,17.76546557124442,82.90550599914062,11.843643714162937,23.258111043794017,59.41894012378689,16.205165488305514,75.6241056120924,10.803443658870334,21.503407035325452,167.50296110030453,7.070707070707065,0.14141414141414163,101.51694612139669,11.666666666666657,0.23333333333333373,58.611,202.07202938293045,184.3245066432979
2030,core_35,"Solo core al 3,5% (4,2% totale)",2.7222222222222223,0.7,3.4222222222222225,2606.8029009782845,1.1182098014208,70.96296785996442,18.24762030684799,89.2105881668124,16.220106939420447,39.47821798321446,63.46122862614754,16.318601646723646,79.77983027287118,14.505423685976586,36.00883072130204,172.0489914645668,9.427609427609433,0.23569023569023595,104.27211603913138,15.555555555555568,0.38888888888888934,58.493,277.2999664818089,247.98563393870356
2031,core_35,"Solo core al 3,5% (4,2% totale)",2.8777777777777778,0.7,3.5777777777777775,2677.5515317108348,1.140573997449216,77.05398296812291,18.74286072197584,95.79684369009875,20.82540080219539,60.30361878540985,67.55719763947515,16.43283185825071,83.99002949772587,18.25870206472302,54.26753278602506,176.71840109291512,11.784511784511787,0.35353535353535387,107.10206126843339,19.444444444444454,0.5833333333333339,58.364,356.81928589876276,312.8418556768388
2032,core_35,"Solo core al 3,5% (4,2% totale)",3.033333333333333,0.7,3.7333333333333334,2750.220280281467,1.1633854773982002,83.42334850187116,19.251541961970265,102.67489046384144,25.668722615960377,85.97234140137023,71.70740061878669,16.547861681258468,88.25526230004517,22.063815575011308,76.33134836103636,181.51453849857683,14.141414141414153,0.49494949494949536,110.00881121125867,23.33333333333335,0.8166666666666674,58.364,439.8040335816664,378.0380983998922
2033,core_35,"Solo core al 3,5% (4,2% totale)",3.188888888888889,0.7,3.8888888888888893,2824.8612586883055,1.1866531869461643,90.08168680483818,19.774028810818137,109.85571561565632,30.759600372383773,116.731941773754,75.91239613712425,16.663696713027274,92.57609285015153,25.921305998042428,102.2526543590788,186.44084307342817,16.4983164983165,0.6599326599326604,112.99445034753222,27.222222222222225,1.0888888888888897,58.364,527.0303675619178,444.13175927013964
2034,core_35,"Solo core al 3,5% (4,2% totale)",3.3444444444444446,0.7,4.044444444444444,2901.5279932491057,1.2103862506850875,97.03999177422008,20.31069595274374,117.35068772696383,36.10790391598887,152.83984568974287,80.1727479300882,16.780342590018464,96.95309052010668,29.831720160032827,132.08437451911163,191.50084755444098,18.855218855218855,0.8484848484848488,116.06111972996423,31.11111111111111,1.4000000000000008,58.364,618.6673962714837,511.1322075257492
2035,core_35,"Solo core al 3,5% (4,2% totale)",3.5,0.7,4.2,2980.2754629858864,1.2345939756987894,104.30964120450604,20.861928240901204,125.17156944540724,41.72385648180243,194.5637021715453,84.48902494074296,16.897804988148593,101.38682992889156,33.7956099762972,165.87998449540882,196.69818055706853,21.212121212121218,1.060606060606061,119.21101851943546,35.000000000000014,1.7500000000000009,58.364,714.8902830820784,579.0488996007333
2026,gov_path,"Percorso verso il 5% (3,5% + 1,5%)",2.0999999999999996,0.7,2.8,2328.341756031,1.026,48.89517687665099,16.298392292217,65.193569168868,0.0,0.0,47.65611781349999,15.885372604499999,63.541490417999995,0.0,0.0,153.670555898046,0.0,0.0,93.13367024124,0.0,0.0,58.879,0.0,0.0
2027,gov_path,"Percorso verso il 5% (3,5% + 1,5%)",2.2111111111111112,0.7888888888888889,3.0,2396.1430679666223,1.050624,52.98138561392865,18.902906425070018,71.88429203899867,4.792286135933253,4.792286135933253,50.42849355614249,17.992075590382495,68.42056914652498,4.561371276435007,4.561371276435007,158.14544248579708,3.0303030303030356,0.030303030303030356,95.84572271866489,5.000000000000009,0.050000000000000086,58.806,81.49314926934757,77.56642649449049
2028,gov_path,"Percorso verso il 5% (3,5% + 1,5%)",2.3222222222222224,0.8777777777777778,3.2,2470.864393398093,1.074788352,57.37896202446683,21.68869856427215,79.06766058873897,9.88345757359238,14.675743709525634,53.38628941939523,20.179506526948437,73.56579594634366,9.195724493292966,13.757095769727972,163.07704996427415,6.060606060606066,0.09090909090909101,98.83457573592372,10.000000000000009,0.1500000000000002,58.716,168.32647955569828,156.61360605785418
2029,gov_path,"Percorso verso il 5% (3,5% + 1,5%)",2.4904761904761905,0.9666666666666666,3.4571428571428573,2537.923653034917,1.09628411904,63.20638431129817,24.533261979337528,87.7396462906357,16.677784005658026,31.35352771518366,57.65511258764479,22.378561864802847,80.03367445244764,15.213012499225584,28.97010826895356,167.50296110030453,9.956709956709958,0.19047619047619058,101.51694612139669,16.428571428571427,0.31428571428571445,58.611,284.55040872290226,259.5589991507666
2030,gov_path,"Percorso verso il 5% (3,5% + 1,5%)",2.658730158730159,1.0555555555555556,3.7142857142857144,2606.8029009782845,1.1182098014208,69.30785490696233,27.51625284365967,96.82410775062199,23.833626523230038,55.1871542384137,61.98108335206829,24.60741518156741,86.58849853363569,21.3140919467411,50.28420021569466,172.0489914645668,13.852813852813856,0.3290043290043292,104.27211603913138,22.857142857142865,0.542857142857143,58.493,407.4611752385762,364.38705395074794
2031,gov_path,"Percorso verso il 5% (3,5% + 1,5%)",2.826984126984127,1.1444444444444444,3.9714285714285715,2677.5515317108348,1.140573997449216,75.69395679328566,30.643089751801774,106.33704654508745,31.36560365718408,86.55275789559778,66.36479260667691,26.86637589523529,93.23116850191222,27.499841068909372,77.78404128460403,176.71840109291512,17.748917748917755,0.5064935064935067,107.10206126843339,29.285714285714302,0.8357142857142861,58.364,537.4135367209938,471.1781418153206
2032,gov_path,"Percorso verso il 5% (3,5% + 1,5%)",2.9952380952380953,1.2333333333333334,4.228571428571429,2750.220280281467,1.1633854773982002,82.37564553795441,33.91938345680476,116.29502899475918,39.28886114687812,125.8416190424759,70.80683671776583,29.15575629555064,99.96259301331648,33.77114628828261,111.55518757288664,181.51453849857683,21.645021645021657,0.7229437229437232,110.00881121125867,35.71428571428573,1.1928571428571433,58.364,673.1694391556117,578.6297424488146
2033,gov_path,"Percorso verso il 5% (3,5% + 1,5%)",3.163492063492064,1.3222222222222222,4.485714285714286,2824.8612586883055,1.1866531869461643,89.36426172326657,37.35094330932315,126.71520503258971,47.61908978931716,173.46070883179306,75.30781757157226,31.47587156905152,106.78368914062376,40.12890228851467,151.6840898614013,186.44084307342817,25.541125541125542,0.9783549783549788,112.99445034753222,42.142857142857146,1.614285714285715,58.364,815.8983241264677,687.562577762228
2034,gov_path,"Percorso verso il 5% (3,5% + 1,5%)",3.331746031746032,1.411111111111111,4.742857142857143,2901.5279932491057,1.2103862506850875,96.67154377507737,40.94378390473737,137.61532767981473,56.37254386883977,229.83325270063284,79.8683426223328,33.82703982432293,113.69538244665571,46.57401208658186,198.25810194798316,191.50084755444098,29.43722943722944,1.2727272727272732,116.06111972996423,48.57142857142857,2.1000000000000005,58.364,965.8786900973163,797.9921199126492
2035,gov_path,"Percorso verso il 5% (3,5% + 1,5%)",3.5,1.5,5.0,2980.2754629858864,1.2345939756987894,104.30964120450604,44.704131944788294,149.01377314929434,65.56606018568952,295.3993128863224,84.48902494074296,36.20958211746127,120.69860705820425,53.10738710560988,251.36548905359305,196.69818055706853,33.33333333333334,1.6060606060606064,119.21101851943546,55.000000000000014,2.6500000000000004,58.364,1123.3990162718374,909.9339850868664
